<?xml version="1.0" encoding="UTF-8"?>
<response>

<lst name="responseHeader">
  <int name="status">0</int>
  <int name="QTime">0</int>
  <lst name="params">
    <str name="q">*</str>
    <str name="indent">true</str>
    <str name="start">0</str>
    <str name="fq">publication_date:[2021-01-17T00:00:00Z TO 2021-01-19T23:59:59Z]</str>
    <str name="rows">100</str>
    <str name="wt">xml</str>
  </lst>
</lst>
<result name="response" numFound="4" start="0">
  <doc>
    <str name="checksum">852b2dde71cf114289ad95ada2a4e406</str>
    <str name="download_link">http://firds.esma.europa.eu/firds/DLTINS_20210117_01of01.zip</str>
    <date name="publication_date">2021-01-17T00:00:00Z</date>
    <str name="_root_">46015</str>
    <str name="published_instrument_file_id">46015</str>
    <str name="id">46015</str>
    <str name="file_name">DLTINS_20210117_01of01.zip</str>
    <str name="file_type">DLTINS</str>
    <long name="_version_">1745183785779986466</long>
    <date name="timestamp">2022-09-28T03:49:13.907Z</date></doc>
  <doc>
    <str name="checksum">3533fe597fc721ed139198503fe87910</str>
    <str name="download_link">http://firds.esma.europa.eu/firds/DLTINS_20210119_01of02.zip</str>
    <date name="publication_date">2021-01-19T00:00:00Z</date>
    <str name="_root_">46051</str>
    <str name="published_instrument_file_id">46051</str>
    <str name="id">46051</str>
    <str name="file_name">DLTINS_20210119_01of02.zip</str>
    <str name="file_type">DLTINS</str>
    <long name="_version_">1745183785804103680</long>
    <date name="timestamp">2022-09-28T03:49:13.930Z</date></doc>
  <doc>
    <str name="checksum">4edec7a18a04a8a11c2735f4405acbaf</str>
    <str name="download_link">http://firds.esma.europa.eu/firds/DLTINS_20210119_02of02.zip</str>
    <date name="publication_date">2021-01-19T00:00:00Z</date>
    <str name="_root_">46052</str>
    <str name="published_instrument_file_id">46052</str>
    <str name="id">46052</str>
    <str name="file_name">DLTINS_20210119_02of02.zip</str>
    <str name="file_type">DLTINS</str>
    <long name="_version_">1745183785804103681</long>
    <date name="timestamp">2022-09-28T03:49:13.930Z</date></doc>
  <doc>
    <str name="checksum">f88a84bd2423c5016476577d2c2f4687</str>
    <str name="download_link">http://firds.esma.europa.eu/firds/DLTINS_20210118_01of01.zip</str>
    <date name="publication_date">2021-01-18T00:00:00Z</date>
    <str name="_root_">46032</str>
    <str name="published_instrument_file_id">46032</str>
    <str name="id">46032</str>
    <str name="file_name">DLTINS_20210118_01of01.zip</str>
    <str name="file_type">DLTINS</str>
    <long name="_version_">1745183785819832322</long>
    <date name="timestamp">2022-09-28T03:49:13.945Z</date></doc>
</result>
</response>
